species,Topt,group,GCw,GC_tRNA,GC_16S,GC_23S,label
Marinithermus hydrothermalis,67.5,Termofil,68.076,64.8,64.074,62.119,1
Caldimicrobium thiodismutans,75.0,Termofil,38.296,64.883,60.925,55.81,1
Caldicellulosiruptor owensensis,75.0,Termofil,35.439,60.365,58.48,58.547,1
Fervidobacterium nodosum,70.0,Termofil,34.989,62.208,60.206,58.64,1
Petrotoga mobilis,59.0,Termofil,34.123,60.043,54.3,52.877,1
Deferribacter desulfuricans,62.5,Termofil,30.311,62.837,59.367,57.291,1
Thermobacillus composti,50.0,Termofil,60.116,59.654,58.081,57.385,1
Thermogutta terrifontis,57.5,Termofil,57.34,61.944,59.391,57.46,1
Caldicellulosiruptor hydrothermalis,65.0,Termofil,36.115,59.926,58.681,58.437,1
Acidothermus cellulolyticus,55.0,Termofil,66.907,64.49,60.835,59.949,1
Fervidobacterium islandicum,65.0,Termofil,40.747,61.97,60.99,59.721,1
Marinitoga piezophila,65.0,Termofil,29.14,60.627,58.339,55.357,1
Caldicellulosiruptor changbaiensis,75.0,Termofil,35.121,60.033,58.083,58.89,1
Novibacillus thermophilus,50.0,Termofil,50.444,59.985,58.621,58.014,1
Mahella australiensis,50.0,Termofil,43.452,59.465,54.518,53.825,1
Geobacillus thermocatenulatus,70.0,Termofil,51.889,59.182,59.523,57.878,1
Chloroflexus aggregans,55.0,Termofil,56.428,61.741,64.337,64.26,1
Limnochorda pilosa,47.5,Termofil,69.731,64.714,63.655,62.905,1
Anoxybacillus amylolyticus,61.0,Termofil,43.616,59.423,56.296,55.121,1
Thermovibrio ammonificans,75.0,Termofil,52.13,66.694,63.412,62.388,1
Thermotoga naphthophila,80.0,Termofil,46.141,64.742,63.566,60.124,1
Thermochromatium tepidum,49.0,Termofil,63.413,61.599,58.252,56.765,1
Caldicellulosiruptor obsidiansis,78.0,Termofil,35.243,60.435,58.848,58.615,1
Bacillus coagulans,52.0,Termofil,46.235,59.064,56.099,54.242,1
Desulfurobacterium thermolithotrophum,70.0,Termofil,34.949,65.815,61.299,60.403,1
Meiothermus ruber,62.5,Termofil,63.384,60.978,57.549,56.827,1
Thermovirga lienii,58.0,Termofil,47.061,62.179,57.867,56.648,1
Pseudothermotoga lettingae,65.0,Termofil,38.697,63.072,60.207,54.55,1
Fervidobacterium pennivorans,80.0,Termofil,38.875,62.077,61.351,60.164,1
Thermus thermophilus,68.5,Termofil,68.99,66.227,64.06,63.463,1
Ammonifex degensii,70.0,Termofil,59.465,63.243,62.5,61.051,1
Flexistipes sinusarabici,47.5,Termofil,38.294,62.64,55.289,49.986,1
Caldicellulosiruptor saccharolyticus,70.0,Termofil,35.254,60.116,58.626,58.898,1
Desulfotomaculum nigrificans,55.0,Termofil,46.626,59.888,56.537,54.094,1
Bacillus methanolicus,55.0,Termofil,38.589,59.163,56.537,54.006,1
Defluviitoga tunisiensis,55.0,Termofil,31.375,59.946,55.267,53.215,1
Caldicellulosiruptor kronotskyensis,70.0,Termofil,35.096,60.34,58.395,58.687,1
Parageobacillus thermoglucosidasius,60.0,Termofil,43.891,59.136,58.377,56.596,1
Thermodesulfatator indicus,70.0,Termofil,42.425,64.869,61.972,61.578,1
Thermosediminibacter oceani,64.0,Termofil,46.82,60.669,60.057,58.353,1
Caldithrix abyssi,60.0,Termofil,45.096,60.864,56.984,52.235,1
Sphaerobacter thermophilus,55.0,Termofil,68.109,63.424,64.15,65.434,1
Thermomicrobium roseum,72.5,Termofil,64.285,64.611,65.836,68.228,1
Anoxybacter fermentans,61.0,Termofil,35.876,58.651,56.828,55.294,1
Thermotoga petrophila,80.0,Termofil,46.101,64.76,63.941,60.194,1
Thermosulfidibacter takaii,70.0,Termofil,43.016,66.491,62.365,61.9,1
Thermoanaerobacterium xylanolyticum,60.0,Termofil,34.976,58.104,53.934,49.402,1
Kosmotoga olearia,65.0,Termofil,41.546,62.162,61.657,58.266,1
Chloracidobacterium thermophilum,51.0,Termofil,61.338,59.334,54.772,52.86,1
Thermaerobacter marianensis,75.0,Termofil,72.482,64.932,63.651,63.519,1
Thermomonospora curvata,50.0,Termofil,71.642,63.24,60.161,60.112,1
Caldilinea aerophila,55.0,Termofil,58.767,60.648,58.6,57.371,1
Mariprofundus ferrinatatus,27.5,Mesofil,53.656,60.711,53.706,52.203,0
Bacillus mobilis,30.0,Mesofil,35.569,59.069,53.273,51.72,0
Epibacterium mobile,33.5,Mesofil,58.766,59.708,54.731,54.029,0
Clostridium cellulovorans,37.0,Mesofil,31.209,56.591,52.443,50.247,0
Diaphorobacter polyhydroxybutyrativorans,28.0,Mesofil,66.655,59.308,55.107,51.798,0
Niveispirillum cyanobacteriorum,30.0,Mesofil,63.387,62.443,56.604,56.051,0
Archangium gephyra,25.0,Mesofil,69.449,62.406,56.697,55.182,0
Alkaliphilus oremlandii,37.0,Mesofil,36.257,58.705,53.945,50.92,0
Immundisolibacter cernigliae,29.0,Mesofil,67.793,61.43,55.498,54.302,0
Octadecabacter temperatus,20.0,Mesofil,54.683,60.169,54.021,51.095,0
Paenibacillus beijingensis,30.0,Mesofil,52.536,58.925,56.155,55.116,0
Bacillus kochii,30.0,Mesofil,36.771,58.285,53.461,52.119,0
Vibrio tapetis,18.0,Mesofil,43.671,58.434,54.853,51.007,0
Bacillus altitudinis,33.5,Mesofil,41.298,59.193,55.026,53.416,0
Yangia pacifica,37.0,Mesofil,66.52,60.722,55.351,54.08,0
Burkholderia plantarii,33.5,Mesofil,68.553,60.492,54.045,52.516,0
Gramella flava,30.0,Mesofil,42.145,56.007,,,0
Planococcus halocryophilus,25.0,Mesofil,40.051,59.323,55.588,53.286,0
Kocuria palustris,28.0,Mesofil,70.498,62.248,56.982,55.664,0
Glutamicibacter halophytocola,26.5,Mesofil,59.986,59.278,56.78,54.02,0
Paenibacillus bovis,32.5,Mesofil,47.216,58.716,54.375,53.78,0
Anaerostipes hadrus,37.0,Mesofil,37.284,56.9,52.95,51.55,0
Spirosoma radiotolerans,27.5,Mesofil,49.472,55.996,54.459,54.364,0
Nitratifractor salsuginis,37.0,Mesofil,53.912,60.342,55.482,53.084,0
Haliangium ochraceum,32.0,Mesofil,69.483,60.713,55.57,53.708,0
Acidiphilium multivorum,31.0,Mesofil,66.97,61.71,56.774,55.484,0
Oblitimonas alkaliphila,27.5,Mesofil,47.363,59.934,52.733,51.132,0
Chitinophaga pinensis,23.5,Mesofil,45.227,53.67,51.189,48.119,0
Mesoplasma coleopterae,33.5,Mesofil,27.217,55.975,49.438,47.596,0
Deinococcus actinosclerus,25.0,Mesofil,70.599,59.346,55.246,56.278,0
Akkermansia glycaniphila,27.5,Mesofil,57.646,56.757,,,0
Escherichia marmotae,37.0,Mesofil,50.395,58.782,54.376,53.213,0
Salinispira pacifica,35.0,Mesofil,51.86,59.289,53.731,51.061,0
