species,genus,species_epithet,GCw,Topt,thermal_group
Acetobacter liquefasciens,ACETOBACTER,liquefasciens,63.45,27.5,Non-termofil
Acetobacter aceti,ACETOBACTER,aceti,57.7,27.5,Non-termofil
Acetobacter hansenii,ACETOBACTER,hansenii,60.35,27.5,Non-termofil
Acetobacter pasteurianus,ACETOBACTER,pasteurianus,57.65,27.5,Non-termofil
Acetobacterium woodii,ACETOBACTERIUM,woodii,39.0,30.0,Non-termofil
Acetobacterium wieringae,ACETOBACTERIUM,wieringae,43.0,30.0,Non-termofil
Acetovibrio cellulolyticus,ACETOVIBRIO,cellulolyticus,38.0,35.0,Non-termofil
Acetovibrio ethanolgignens,ACETOVIBRIO,ethanolgignens,40.0,37.0,Non-termofil
Acholeplasma laidlawii,ACHOLEPLASMA,laidlawii,33.7,37.0,Non-termofil
Acidaminococcus fermentans,ACIDAMINOCOCCUS,fermentans,56.0,33.5,Non-termofil
Acidianus infernus,ACIDIANUS,infernus,31.0,87.5,Termofil
Acidianus brierleyi,ACIDIANUS,brierleyi,31.0,70.0,Termofil
Acidiphilium angustum,ACIDIPHILIUM,angustum,67.0,36.0,Non-termofil
Acidiphilium rubrum,ACIDIPHILIUM,rubrum,63.0,36.0,Non-termofil
Acidiphilium organovorum,ACIDIPHILIUM,organovorum,64.0,36.0,Non-termofil
Acidiphilium facilis,ACIDIPHILIUM,facilis,65.0,36.0,Non-termofil
Acidiphilium cryptum,ACIDIPHILIUM,cryptum,69.0,36.0,Non-termofil
Acinetobacter calcoaceticus,ACINETOBACTER,calcoaceticus,42.5,34.0,Non-termofil
Actinobacillus lignieresii,ACTINOBACILLUS,lignieresii,42.2,37.0,Non-termofil
Actinobacillus suis,ACTINOBACILLUS,suis,40.5,37.0,Non-termofil
Actinobacillus capsulatus,ACTINOBACILLUS,capsulatus,42.4,37.0,Non-termofil
Actinobacillus actinomycetemcomians,ACTINOBACILLUS,actinomycetemcomians,42.7,37.0,Non-termofil
Actinomadura madurae,ACTINOMADURA,madurae,67.1,32.5,Non-termofil
Actinomadura ferruginea,ACTINOMADURA,ferruginea,68.1,29.0,Non-termofil
Actinomadura citrea,ACTINOMADURA,citrea,67.6,29.0,Non-termofil
Actinomadura libanotica,ACTINOMADURA,libanotica,66.2,29.0,Non-termofil
Actinomyces meyeri,ACTINOMYCES,meyeri,65.8,33.5,Non-termofil
Actinomyces odontolyticus,ACTINOMYCES,odontolyticus,62.0,36.0,Non-termofil
Actinomyces naeslundii,ACTINOMYCES,naeslundii,65.75,36.0,Non-termofil
Actinomyces israelii,ACTINOMYCES,israelii,61.0,36.0,Non-termofil
Actinomyces viscosus,ACTINOMYCES,viscosus,64.45,36.0,Non-termofil
Actinomyces howellii,ACTINOMYCES,howellii,66.6,36.0,Non-termofil
Actinomyces pyogenes,ACTINOMYCES,pyogenes,57.0,36.0,Non-termofil
Actinomyces hordeovulneris,ACTINOMYCES,hordeovulneris,67.0,36.0,Non-termofil
Actinomyces denticolens,ACTINOMYCES,denticolens,66.8,36.0,Non-termofil
Actinomyces humiferus,ACTINOMYCES,humiferus,73.0,30.0,Non-termofil
Actinomyces bovis,ACTINOMYCES,bovis,60.0,36.0,Non-termofil
Aeromonas salmonicida,AEROMONAS,salmonicida,58.0,23.5,Non-termofil
Aeromonas hydrophila,AEROMONAS,hydrophila,60.0,28.0,Non-termofil
Agrobacterium tumefaciens,AGROBACTERIUM,tumefaciens,60.0,26.5,Non-termofil
Agrobacterium rhizogenes,AGROBACTERIUM,rhizogenes,61.0,26.5,Non-termofil
Agrobacterium radiobacter,AGROBACTERIUM,radiobacter,60.25,26.5,Non-termofil
Agrobacterium rubi,AGROBACTERIUM,rubi,58.2,26.5,Non-termofil
Agromyces ramosus,AGROMYCES,ramosus,73.85,30.0,Non-termofil
Alcaligenes latus,ALCALIGENES,latus,70.1,35.0,Non-termofil
Alysiella filiformis,ALYSIELLA,filiformis,44.0,37.0,Non-termofil
Ampullariella regularis,AMPULLARIELLA,regularis,72.3,25.0,Non-termofil
Ampullariella digitata,AMPULLARIELLA,digitata,73.0,25.0,Non-termofil
Anaerobiospirillum succiniciproducens,ANAEROBIOSPIRILLUM,succiniciproducens,44.0,38.5,Non-termofil
Anaeroplasma abactoclasticum,ANAEROPLASMA,abactoclasticum,29.3,37.0,Non-termofil
Angulomicrobium tetraedrale,ANGULOMICROBIUM,tetraedrale,66.25,29.0,Non-termofil
Aquaspirillum polymorphum,AQUASPIRILLUM,polymorphum,61.5,30.0,Non-termofil
Aquaspirillum delicatum,AQUASPIRILLUM,delicatum,63.0,31.0,Non-termofil
Aquaspirillum autotrophicum,AQUASPIRILLUM,autotrophicum,61.0,28.0,Non-termofil
Aquaspirillum sinuosum,AQUASPIRILLUM,sinuosum,58.0,30.0,Non-termofil
Aquaspirillum gracile,AQUASPIRILLUM,gracile,64.5,30.0,Non-termofil
Aquaspirillum psychrophilum,AQUASPIRILLUM,psychrophilum,65.0,20.0,Non-termofil
Aquaspirillum metamorphum,AQUASPIRILLUM,metamorphum,63.0,30.0,Non-termofil
Aquaspirillum dispar,AQUASPIRILLUM,dispar,63.0,30.0,Non-termofil
Aquaspirillum serpens,AQUASPIRILLUM,serpens,63.5,35.0,Non-termofil
Aquaspirillum bengal,AQUASPIRILLUM,bengal,52.0,41.0,Non-termofil
Aquaspirillum putridiconchylium,AQUASPIRILLUM,putridiconchylium,52.0,32.0,Non-termofil
Aquaspirillum aquaticum,AQUASPIRILLUM,aquaticum,64.5,35.0,Non-termofil
Aquaspirillum fasciculus,AQUASPIRILLUM,fasciculus,63.5,30.0,Non-termofil
Aquaspirillum peregrinum,AQUASPIRILLUM,peregrinum,62.0,32.0,Non-termofil
Aquaspirillum itersonii,AQUASPIRILLUM,itersonii,63.0,33.5,Non-termofil
Aquaspririllum magnetotacticum,AQUASPRIRILLUM,magnetotacticum,65.0,30.0,Non-termofil
Arachnia propionica,ARACHNIA,propionica,64.0,36.0,Non-termofil
Arcanobacterium haemolyticum,ARCANOBACTERIUM,haemolyticum,50.2,37.0,Non-termofil
Archaeglobus fulgidus,ARCHAEGLOBUS,fulgidus,46.0,85.0,Termofil
Arthrobacter citreus,ARTHROBACTER,citreus,64.22,27.5,Non-termofil
Arthrobacter ilicis,ARTHROBACTER,ilicis,68.25,27.5,Non-termofil
Arthrobacter picolinophilus,ARTHROBACTER,picolinophilus,65.2,30.0,Non-termofil
Arthrobacter ureafasciens,ARTHROBACTER,ureafasciens,62.3,27.5,Non-termofil
Arthrobacter uratoxydans,ARTHROBACTER,uratoxydans,61.35,27.5,Non-termofil
Arthrobacter crystallopoietes,ARTHROBACTER,crystallopoietes,63.35,27.5,Non-termofil
Arthrobacter duodecadis,ARTHROBACTER,duodecadis,72.5,25.0,Non-termofil
Arthrobacter nicotianae,ARTHROBACTER,nicotianae,61.6,27.5,Non-termofil
Arthrobacter protophormiae,ARTHROBACTER,protophormiae,64.55,27.5,Non-termofil
Arthrobacter pascens,ARTHROBACTER,pascens,64.3,27.5,Non-termofil
Arthrobacter oxydans,ARTHROBACTER,oxydans,64.58,27.5,Non-termofil
Arthrobacter atrocyaneus,ARTHROBACTER,atrocyaneus,69.82,27.5,Non-termofil
Arthrobacter simplex,ARTHROBACTER,simplex,73.38,27.5,Non-termofil
Arthrobacter tumescens,ARTHROBACTER,tumescens,71.85,27.5,Non-termofil
Arthrobacter ramosus,ARTHROBACTER,ramosus,62.65,27.5,Non-termofil
Arthrobacter sulfureus,ARTHROBACTER,sulfureus,65.25,27.5,Non-termofil
Arthrobacter aurescens,ARTHROBACTER,aurescens,60.3,27.5,Non-termofil
Arthrobacter globiformis,ARTHROBACTER,globiformis,64.62,27.5,Non-termofil
Arthrobacter histidinolovorans,ARTHROBACTER,histidinolovorans,61.3,27.5,Non-termofil
Asticcacaulis excentricus,ASTICCACAULIS,excentricus,57.5,22.5,Non-termofil
Asticcacaulis biprosthecum,ASTICCACAULIS,biprosthecum,61.0,22.5,Non-termofil
Aureobacterium terregens,AUREOBACTERIUM,terregens,72.1,23.0,Non-termofil
Aureobacterium testaceum,AUREOBACTERIUM,testaceum,69.05,28.0,Non-termofil
Aureobacterium flavescens,AUREOBACTERIUM,flavescens,68.6,25.0,Non-termofil
Aureobacterium barkeri,AUREOBACTERIUM,barkeri,71.55,28.0,Non-termofil
Aureobacterium saperdae,AUREOBACTERIUM,saperdae,70.5,28.0,Non-termofil
Aureobacterium liquefaciens,AUREOBACTERIUM,liquefaciens,70.35,30.0,Non-termofil
Azomonas insignis,AZOMONAS,insignis,56.7,30.0,Non-termofil
Azomonas macrocytogenes,AZOMONAS,macrocytogenes,58.4,30.0,Non-termofil
Bacillus flavothermus,BACILLUS,flavothermus,61.0,62.5,Termofil
Bacillus megaterium,BACILLUS,megaterium,41.72,50.3,Termofil
Bacillus stearothermophilus,BACILLUS,stearothermophilus,50.92,62.0,Termofil
Bacillus caldovelox,BACILLUS,caldovelox,65.1,65.0,Termofil
Bacillus coagulans,BACILLUS,coagulans,49.0,53.0,Termofil
Bacillus caldotenax,BACILLUS,caldotenax,64.8,80.0,Termofil
Bacillus caldolyticus,BACILLUS,caldolyticus,52.3,72.0,Termofil
Bacillus thermocatenulatus,BACILLUS,thermocatenulatus,69.0,57.5,Termofil
Bacillus subtilis,BACILLUS,subtilis,44.28,38.75,Non-termofil
Bacteroides microfusus,BACTEROIDES,microfusus,60.5,37.0,Non-termofil
Bacteroides disiens,BACTEROIDES,disiens,41.0,37.0,Non-termofil
Bacteroides eggerthii,BACTEROIDES,eggerthii,45.0,37.0,Non-termofil
Bacteroides praeacutus,BACTEROIDES,praeacutus,28.0,37.0,Non-termofil
Bacteroides succinogenes,BACTEROIDES,succinogenes,48.0,40.0,Non-termofil
Bacteroides uniformis,BACTEROIDES,uniformis,46.5,36.0,Non-termofil
Bacteroides furcosus,BACTEROIDES,furcosus,34.0,33.5,Non-termofil
Bacteroides hypermegas,BACTEROIDES,hypermegas,35.0,37.0,Non-termofil
Bacteroides multiacidus,BACTEROIDES,multiacidus,57.0,37.0,Non-termofil
Bdellovibrio sp,BDELLOVIBRIO,sp,36.0,29.0,Non-termofil
Bdellovibrio stolpii,BDELLOVIBRIO,stolpii,42.0,29.0,Non-termofil
Bdellovibrio starrii,BDELLOVIBRIO,starrii,43.5,29.0,Non-termofil
Bdellovibrio bacteriovorus,BDELLOVIBRIO,bacteriovorus,50.0,29.0,Non-termofil
Beggiatoa alba,BEGGIATOA,alba,50.0,29.0,Non-termofil
Beggiatoa alba,BEGGIATOA,alba,50.0,29.0,Non-termofil
Beijerinckia fluminenscis,BEIJERINCKIA,fluminenscis,56.0,29.5,Non-termofil
Bifidobacterium asteroides,BIFIDOBACTERIUM,asteroides,59.0,35.5,Non-termofil
Blastobacter natatorius,BLASTOBACTER,natatorius,65.0,27.5,Non-termofil
Blastobacter aminooxidans,BLASTOBACTER,aminooxidans,69.0,30.5,Non-termofil
Blastobacter denitrificans,BLASTOBACTER,denitrificans,64.5,41.0,Non-termofil
Blastobacter capsulatus,BLASTOBACTER,capsulatus,58.9,27.0,Non-termofil
Blastobacter aggregatus,BLASTOBACTER,aggregatus,60.4,36.0,Non-termofil
Blastobacter viscosus,BLASTOBACTER,viscosus,66.3,29.0,Non-termofil
Bordetella pertusis,BORDETELLA,pertusis,68.0,36.0,Non-termofil
Bordetella bronchiseptica,BORDETELLA,bronchiseptica,68.0,36.0,Non-termofil
Bordetella parapertusis,BORDETELLA,parapertusis,68.0,36.0,Non-termofil
Bradyrhizobium japonicum,BRADYRHIZOBIUM,japonicum,63.0,27.5,Non-termofil
Brevibacterium ammoniagenes,BREVIBACTERIUM,ammoniagenes,55.75,30.0,Non-termofil
Brevibacterium epidermis,BREVIBACTERIUM,epidermis,63.5,33.5,Non-termofil
Brevibacterium casei,BREVIBACTERIUM,casei,66.5,33.5,Non-termofil
Brevibacterium acetylicum,BREVIBACTERIUM,acetylicum,49.25,30.0,Non-termofil
Brevibacterium linens,BREVIBACTERIUM,linens,62.0,22.5,Non-termofil
Brevibacterium rufescens,BREVIBACTERIUM,rufescens,69.0,27.5,Non-termofil
Brevibacterium divaricatum,BREVIBACTERIUM,divaricatum,54.4,30.0,Non-termofil
Brevibacterium oxydans,BREVIBACTERIUM,oxydans,67.0,30.0,Non-termofil
Brevibacterium stationis,BREVIBACTERIUM,stationis,53.9,27.5,Non-termofil
Brevibacterium iodinum,BREVIBACTERIUM,iodinum,62.25,27.5,Non-termofil
Brochothrix thermosphacta,BROCHOTHRIX,thermosphacta,35.9,22.5,Non-termofil
Brucella abortus,BRUCELLA,abortus,56.5,37.0,Non-termofil
Brucella canis,BRUCELLA,canis,56.0,37.0,Non-termofil
Brucella neotomae,BRUCELLA,neotomae,56.5,37.0,Non-termofil
Brucella ovis,BRUCELLA,ovis,57.5,37.0,Non-termofil
Brucella melitnsis,BRUCELLA,melitnsis,58.0,37.0,Non-termofil
Brucella suis,BRUCELLA,suis,56.5,37.0,Non-termofil
Butyrivibrio crossotus,BUTYRIVIBRIO,crossotus,36.5,37.0,Non-termofil
Butyrivibrio crossotus,BUTYRIVIBRIO,crossotus,36.5,37.0,Non-termofil
Campylobacter sp,CAMPYLOBACTER,sp,32.0,30.0,Non-termofil
Campylobacter fetus,CAMPYLOBACTER,fetus,34.0,37.0,Non-termofil
Campylobacter spurotum,CAMPYLOBACTER,spurotum,30.0,37.0,Non-termofil
Capnocytophaga sputigena,CAPNOCYTOPHAGA,sputigena,34.0,36.0,Non-termofil
Capnocytophaga gingivalis,CAPNOCYTOPHAGA,gingivalis,40.0,36.0,Non-termofil
Capnocytophaga ochracea,CAPNOCYTOPHAGA,ochracea,39.0,36.0,Non-termofil
Cardiobacterium hominis,CARDIOBACTERIUM,hominis,59.5,33.5,Non-termofil
Caseobacter polymorphus,CASEOBACTER,polymorphus,66.0,27.5,Non-termofil
Caulobacter crescentus,CAULOBACTER,crescentus,64.5,22.5,Non-termofil
Caulobacter leidyi,CAULOBACTER,leidyi,67.0,22.5,Non-termofil
Caulobacter subvibrioides,CAULOBACTER,subvibrioides,67.0,22.5,Non-termofil
Cellulomonas uda,CELLULOMONAS,uda,72.0,30.0,Non-termofil
Cellulomonas biazotea,CELLULOMONAS,biazotea,73.55,30.0,Non-termofil
Cellulomonas gelida,CELLULOMONAS,gelida,73.4,30.0,Non-termofil
Cellulomonas cellulans,CELLULOMONAS,cellulans,76.6,30.0,Non-termofil
Cellulomonas fimi,CELLULOMONAS,fimi,71.65,30.0,Non-termofil
Cellulomonas cellasea,CELLULOMONAS,cellasea,75.0,30.0,Non-termofil
Cellulomonas flavigena,CELLULOMONAS,flavigena,73.75,30.0,Non-termofil
Chitinophaga pinensis,CHITINOPHAGA,pinensis,44.5,23.5,Non-termofil
Chloroflexus aurantiacus,CHLOROFLEXUS,aurantiacus,54.9,56.0,Termofil
Chloroherpeton thalassium,CHLOROHERPETON,thalassium,47.8,25.0,Non-termofil
Chondromyces crocatus,CHONDROMYCES,crocatus,69.5,29.0,Non-termofil
Chromatium vinosum,CHROMATIUM,vinosum,63.8,32.5,Non-termofil
Chromatium minus,CHROMATIUM,minus,62.2,30.0,Non-termofil
Chromatium warmingii,CHROMATIUM,warmingii,57.65,27.5,Non-termofil
Chromatium purpuratum,CHROMATIUM,purpuratum,68.9,27.5,Non-termofil
Chromatium buderi,CHROMATIUM,buderi,62.5,27.5,Non-termofil
Chromobacterium violaceum,CHROMOBACTERIUM,violaceum,66.5,32.5,Non-termofil
Chromobacterium fluviatile,CHROMOBACTERIUM,fluviatile,51.0,25.0,Non-termofil
Clostridium coccoides,CLOSTRIDIUM,coccoides,44.0,37.0,Non-termofil
Clostridium aurantibutyricum,CLOSTRIDIUM,aurantibutyricum,27.0,37.0,Non-termofil
Clostridium putrificum,CLOSTRIDIUM,putrificum,27.0,37.0,Non-termofil
Clostridium subterminale,CLOSTRIDIUM,subterminale,28.0,37.0,Non-termofil
Clostridium aminovalericum,CLOSTRIDIUM,aminovalericum,33.0,37.0,Non-termofil
Clostridium cochlearium,CLOSTRIDIUM,cochlearium,27.5,37.0,Non-termofil
Clostridium carnis,CLOSTRIDIUM,carnis,28.0,37.0,Non-termofil
Clostridium sporosphaeroides,CLOSTRIDIUM,sporosphaeroides,27.0,41.0,Non-termofil
Clostridium limosum,CLOSTRIDIUM,limosum,24.0,37.0,Non-termofil
Clostridium difficile,CLOSTRIDIUM,difficile,28.0,33.5,Non-termofil
Clostridium thermosaccharolyticum,CLOSTRIDIUM,thermosaccharolyticum,30.5,58.5,Termofil
Clostridium thermaceticum,CLOSTRIDIUM,thermaceticum,54.0,57.5,Termofil
Clostridium scatologenes,CLOSTRIDIUM,scatologenes,27.0,33.5,Non-termofil
Clostridium sticklandii,CLOSTRIDIUM,sticklandii,31.0,33.5,Non-termofil
Clostridium septicum,CLOSTRIDIUM,septicum,24.0,38.5,Non-termofil
Clostridium sporogenes,CLOSTRIDIUM,sporogenes,26.0,35.0,Non-termofil
Clostridium saccharolyticum,CLOSTRIDIUM,saccharolyticum,28.0,37.0,Non-termofil
Clostridium papyrosolvens,CLOSTRIDIUM,papyrosolvens,30.0,27.5,Non-termofil
Clostridium barkeri,CLOSTRIDIUM,barkeri,45.0,37.0,Non-termofil
Clostridium polysaccharolyticum,CLOSTRIDIUM,polysaccharolyticum,42.0,34.0,Non-termofil
Clostridium oroticum,CLOSTRIDIUM,oroticum,44.0,33.5,Non-termofil
Clostridium ramosum,CLOSTRIDIUM,ramosum,26.0,37.0,Non-termofil
Clostridium clostridioforme,CLOSTRIDIUM,clostridioforme,48.0,37.0,Non-termofil
Clostridium quercicolum,CLOSTRIDIUM,quercicolum,53.0,27.5,Non-termofil
Clostridium rectum,CLOSTRIDIUM,rectum,26.0,41.0,Non-termofil
Clostridium indolis,CLOSTRIDIUM,indolis,44.0,37.0,Non-termofil
Clostridium cocleatum,CLOSTRIDIUM,cocleatum,28.5,41.0,Non-termofil
Clostridium chauvooi,CLOSTRIDIUM,chauvooi,27.0,37.0,Non-termofil
Clostridium leptum,CLOSTRIDIUM,leptum,51.5,37.0,Non-termofil
Clostridium acetobutylicum,CLOSTRIDIUM,acetobutylicum,28.5,37.0,Non-termofil
Clostridium sartagoforme,CLOSTRIDIUM,sartagoforme,28.0,33.5,Non-termofil
Clostridium beijerinckii,CLOSTRIDIUM,beijerinckii,27.0,37.0,Non-termofil
Clostridium tyrobutyricum,CLOSTRIDIUM,tyrobutyricum,28.0,33.5,Non-termofil
Clostridium puniceum,CLOSTRIDIUM,puniceum,28.5,28.0,Non-termofil
Clostridium putrefaciens,CLOSTRIDIUM,putrefaciens,23.5,18.5,Non-termofil
Clostridium durum,CLOSTRIDIUM,durum,50.0,30.0,Non-termofil
Clostridium innocuum,CLOSTRIDIUM,innocuum,43.5,37.0,Non-termofil
Clostridium paraputrificum,CLOSTRIDIUM,paraputrificum,26.5,33.5,Non-termofil
Clostridium cadaveris,CLOSTRIDIUM,cadaveris,27.0,33.5,Non-termofil
Clostridium bifermentans,CLOSTRIDIUM,bifermentans,27.0,33.5,Non-termofil
Clostridium cellobioparum,CLOSTRIDIUM,cellobioparum,28.0,33.5,Non-termofil
Clostridium pasteurianum,CLOSTRIDIUM,pasteurianum,27.0,37.0,Non-termofil
Clostridium glycolicum,CLOSTRIDIUM,glycolicum,29.0,33.5,Non-termofil
Clostridium oceanicum,CLOSTRIDIUM,oceanicum,27.0,33.5,Non-termofil
Clostridium thermocellum,CLOSTRIDIUM,thermocellum,38.5,62.0,Termofil
Clostridium purinilyticum,CLOSTRIDIUM,purinilyticum,29.0,36.0,Non-termofil
Clostridium thermosulfurigenens,CLOSTRIDIUM,thermosulfurigenens,33.0,60.0,Termofil
Clostridium thermohydrosulfuricum,CLOSTRIDIUM,thermohydrosulfuricum,36.0,68.0,Termofil
Clostridium fallax,CLOSTRIDIUM,fallax,26.0,37.0,Non-termofil
Clostridium tertium,CLOSTRIDIUM,tertium,25.0,37.0,Non-termofil
Clostridium kluyveri,CLOSTRIDIUM,kluyveri,30.0,35.0,Non-termofil
Clostridium sordellii,CLOSTRIDIUM,sordellii,26.0,33.5,Non-termofil
Clostridium spiroforme,CLOSTRIDIUM,spiroforme,27.0,33.5,Non-termofil
Clostridium thermautotrophicum,CLOSTRIDIUM,thermautotrophicum,54.5,57.5,Termofil
Clostridium sphenoides,CLOSTRIDIUM,sphenoides,41.5,33.5,Non-termofil
Clostridium malenominatum,CLOSTRIDIUM,malenominatum,28.0,37.0,Non-termofil
Clostridium tetani,CLOSTRIDIUM,tetani,25.5,37.0,Non-termofil
Clostridium butyricum,CLOSTRIDIUM,butyricum,27.5,33.5,Non-termofil
Clostridium formicaceticum,CLOSTRIDIUM,formicaceticum,34.0,37.0,Non-termofil
Clostridium felsineum,CLOSTRIDIUM,felsineum,26.0,37.0,Non-termofil
Clostridium haemolyticum,CLOSTRIDIUM,haemolyticum,26.5,37.0,Non-termofil
Clostridium nexile,CLOSTRIDIUM,nexile,40.5,33.5,Non-termofil
Clostridium novyi,CLOSTRIDIUM,novyi,29.0,45.0,Non-termofil
Clostridium perfringens,CLOSTRIDIUM,perfringens,25.5,45.0,Non-termofil
Coprococcus comes,COPROCOCCUS,comes,40.0,37.0,Non-termofil
Corynebacterium minutissimum,CORYNEBACTERIUM,minutissimum,57.65,37.0,Non-termofil
Corynebacterium pseudodiphteriticum,CORYNEBACTERIUM,pseudodiphteriticum,55.85,37.0,Non-termofil
Corynebacterium rathayi,CORYNEBACTERIUM,rathayi,67.1,23.5,Non-termofil
Corynebacterium matruchotii,CORYNEBACTERIUM,matruchotii,56.5,37.0,Non-termofil
Corynebacterium michiganense,CORYNEBACTERIUM,michiganense,70.75,23.5,Non-termofil
Corynebacterium iranicum,CORYNEBACTERIUM,iranicum,69.7,23.5,Non-termofil
Corynebacterium insidiosum,CORYNEBACTERIUM,insidiosum,77.1,23.5,Non-termofil
Corynebacterium diphteriae,CORYNEBACTERIUM,diphteriae,53.5,33.5,Non-termofil
Corynebacterium tritici,CORYNEBACTERIUM,tritici,71.2,23.5,Non-termofil
Corynebacterium nebraskense,CORYNEBACTERIUM,nebraskense,76.6,23.5,Non-termofil
Corynebacterium sepedonicum,CORYNEBACTERIUM,sepedonicum,72.35,23.5,Non-termofil
Curtobacterium flaccumfaciens,CURTOBACTERIUM,flaccumfaciens,71.0,25.5,Non-termofil
Cystobacter discisformis,CYSTOBACTER,discisformis,68.4,29.0,Non-termofil
Cytophaga latercula,CYTOPHAGA,latercula,34.0,22.5,Non-termofil
Cytophaga psychrophila,CYTOPHAGA,psychrophila,32.5,20.0,Non-termofil
Cytophaga aprica,CYTOPHAGA,aprica,35.0,27.5,Non-termofil
Cytophaga saccharophila,CYTOPHAGA,saccharophila,34.0,27.5,Non-termofil
Cytophaga xantha,CYTOPHAGA,xantha,39.0,17.5,Non-termofil
Cytophaga pectinovora,CYTOPHAGA,pectinovora,35.0,22.5,Non-termofil
Cytophaga agarovorans,CYTOPHAGA,agarovorans,41.0,32.5,Non-termofil
Cytophaga johnsonae,CYTOPHAGA,johnsonae,33.0,27.5,Non-termofil
Cytophaga fermentans,CYTOPHAGA,fermentans,40.0,30.0,Non-termofil
Cytophaga lytica,CYTOPHAGA,lytica,33.0,26.0,Non-termofil
Cytophaga antarctica,CYTOPHAGA,antarctica,37.0,12.0,Non-termofil
Cytophaga marinoflava,CYTOPHAGA,marinoflava,38.0,25.0,Non-termofil
Cytophaga salmonicolor,CYTOPHAGA,salmonicolor,37.0,32.5,Non-termofil
Cytophaga uliginosa,CYTOPHAGA,uliginosa,42.0,22.5,Non-termofil
Cytophaga marina,CYTOPHAGA,marina,31.5,30.0,Non-termofil
Cytophaga aquatilis,CYTOPHAGA,aquatilis,33.0,22.5,Non-termofil
Cytophaga aurantiaca,CYTOPHAGA,aurantiaca,37.0,22.5,Non-termofil
Cytophaga hutchinsonii,CYTOPHAGA,hutchinsonii,39.0,30.0,Non-termofil
Cytophaga flevensis,CYTOPHAGA,flevensis,34.0,25.0,Non-termofil
Cytophaga succinicans,CYTOPHAGA,succinicans,38.0,25.0,Non-termofil
Cytophaga columnaris,CYTOPHAGA,columnaris,30.0,27.5,Non-termofil
Cytophaga diffluens,CYTOPHAGA,diffluens,42.0,27.5,Non-termofil
Dactylosporangiu aurantiacum,DACTYLOSPORANGIU,aurantiacum,73.0,32.5,Non-termofil
Dactylosporangiu thailandense,DACTYLOSPORANGIU,thailandense,71.0,32.5,Non-termofil
Deinococcus radiodurans,DEINOCOCCUS,radiodurans,66.0,37.0,Non-termofil
Dermatophilus congolensis,DERMATOPHILUS,congolensis,58.0,37.0,Non-termofil
Desulfobacter postgatei,DESULFOBACTER,postgatei,45.9,30.0,Non-termofil
Desulfobulbus propionicus,DESULFOBULBUS,propionicus,59.9,33.5,Non-termofil
Desulfococcus multivorans,DESULFOCOCCUS,multivorans,57.4,33.0,Non-termofil
Desulfonema magnum,DESULFONEMA,magnum,41.6,32.0,Non-termofil
Desulfonema limicola,DESULFONEMA,limicola,34.5,30.0,Non-termofil
Desulfosarcina variabilis,DESULFOSARCINA,variabilis,51.2,30.5,Non-termofil
Desulfotomaculum acetoxidans,DESULFOTOMACULUM,acetoxidans,37.5,36.0,Non-termofil
Desulfotomaculum nigrificans,DESULFOTOMACULUM,nigrificans,49.4,55.0,Termofil
Desulfotomaculum ruminis,DESULFOTOMACULUM,ruminis,49.2,37.0,Non-termofil
Desulfotomaculum orientis,DESULFOTOMACULUM,orientis,45.3,33.5,Non-termofil
Desulfovibrio baculatus,DESULFOVIBRIO,baculatus,57.0,32.5,Non-termofil
Desulfovibrio salexigens,DESULFOVIBRIO,salexigens,46.0,35.5,Non-termofil
Desulfovibrio africnus,DESULFOVIBRIO,africnus,61.0,35.5,Non-termofil
Desulfovibrio sapovorans,DESULFOVIBRIO,sapovorans,53.0,34.0,Non-termofil
Desulfovibrio desulfuricans,DESULFOVIBRIO,desulfuricans,55.0,35.5,Non-termofil
Desulfovibrio vulgaris,DESULFOVIBRIO,vulgaris,61.0,35.5,Non-termofil
Desulfovibrio gigas,DESULFOVIBRIO,gigas,60.0,35.5,Non-termofil
Desulfurococcus mucosus,DESULFUROCOCCUS,mucosus,51.3,85.0,Termofil
Desulfurococcus mobilis,DESULFUROCOCCUS,mobilis,51.0,85.0,Termofil
Desulfuromonas acetoxidans,DESULFUROMONAS,acetoxidans,51.0,30.0,Non-termofil
Desulfuromonas pigra,DESULFUROMONAS,pigra,66.5,37.0,Non-termofil
Ectothiorhodospira vacuolata,ECTOTHIORHODOSPIRA,vacuolata,62.5,35.0,Non-termofil
Ectothiorhodospira shaposhnikovii,ECTOTHIORHODOSPIRA,shaposhnikovii,62.65,32.5,Non-termofil
Ectothiorhodospira halophila,ECTOTHIORHODOSPIRA,halophila,68.6,35.0,Non-termofil
Edwardsiella tarda,EDWARDSIELLA,tarda,56.5,37.0,Non-termofil
Edwardsiella ictaluri,EDWARDSIELLA,ictaluri,53.0,25.0,Non-termofil
Edwardsiella hoshinae,EDWARDSIELLA,hoshinae,56.5,37.0,Non-termofil
Eikenella corrodens,EIKENELLA,corrodens,57.0,36.0,Non-termofil
Ensifer adhaerans,ENSIFER,adhaerans,65.0,27.0,Non-termofil
Enterobacter gergoviae,ENTEROBACTER,gergoviae,60.0,30.0,Non-termofil
Enterobacter agglomerans,ENTEROBACTER,agglomerans,55.5,30.0,Non-termofil
Enterobacter sakazakii,ENTEROBACTER,sakazakii,57.0,30.0,Non-termofil
Enterobacter cloacae,ENTEROBACTER,cloacae,53.0,30.0,Non-termofil
Enterobacter aerogenes,ENTEROBACTER,aerogenes,53.5,30.0,Non-termofil
Erwinia salicis,ERWINIA,salicis,51.4,28.5,Non-termofil
Erwinia nigrifluens,ERWINIA,nigrifluens,56.1,28.5,Non-termofil
Erwinia herbicola,ERWINIA,herbicola,55.15,28.5,Non-termofil
Erwinia mallotivora,ERWINIA,mallotivora,50.4,28.5,Non-termofil
Erwinia ananas,ERWINIA,ananas,53.6,28.5,Non-termofil
Erwinia stewartii,ERWINIA,stewartii,54.85,28.5,Non-termofil
Erwinia carotovora,ERWINIA,carotovora,51.8,28.5,Non-termofil
Erwinia chrysanthemi,ERWINIA,chrysanthemi,56.1,28.5,Non-termofil
Erwinia tracheiphila,ERWINIA,tracheiphila,51.0,28.5,Non-termofil
Erwinia uredovora,ERWINIA,uredovora,53.75,28.5,Non-termofil
Erwinia rubrifasciens,ERWINIA,rubrifasciens,52.3,28.5,Non-termofil
Erwinia rhapontici,ERWINIA,rhapontici,52.05,28.5,Non-termofil
Erwinia cypripedii,ERWINIA,cypripedii,54.35,28.5,Non-termofil
Erwinia amylovora,ERWINIA,amylovora,53.85,28.5,Non-termofil
Erwinia quercina,ERWINIA,quercina,54.85,28.5,Non-termofil
Erysipelothrix rhusiopathiae,ERYSIPELOTHRIX,rhusiopathiae,38.0,33.5,Non-termofil
Erythrobacter longus,ERYTHROBACTER,longus,62.0,27.5,Non-termofil
Escherichia coli,ESCHERICHIA,coli,50.0,37.0,Non-termofil
Eubacterium cylindroides,EUBACTERIUM,cylindroides,31.0,41.0,Non-termofil
Eubacterium eligens,EUBACTERIUM,eligens,36.0,37.0,Non-termofil
Eubacterium rectale,EUBACTERIUM,rectale,30.0,37.0,Non-termofil
Eubacterium limosum,EUBACTERIUM,limosum,47.0,37.0,Non-termofil
Eubacterium contortum,EUBACTERIUM,contortum,45.0,36.0,Non-termofil
Eubacterium nodatum,EUBACTERIUM,nodatum,37.0,37.0,Non-termofil
Eubacterium hallii,EUBACTERIUM,hallii,37.0,37.0,Non-termofil
Eubacterium hadrum,EUBACTERIUM,hadrum,32.5,37.0,Non-termofil
Eubacterium ramulus,EUBACTERIUM,ramulus,39.0,37.0,Non-termofil
Eubacterium suis,EUBACTERIUM,suis,55.0,37.0,Non-termofil
Eubacterium formicigenerans,EUBACTERIUM,formicigenerans,42.0,37.0,Non-termofil
Eubacterium fissicatena,EUBACTERIUM,fissicatena,45.5,37.0,Non-termofil
Eubacterium biforme,EUBACTERIUM,biforme,32.0,37.0,Non-termofil
Flavobacterium heparinum,FLAVOBACTERIUM,heparinum,42.0,22.5,Non-termofil
Flexibacter filiformis,FLEXIBACTER,filiformis,46.5,35.0,Non-termofil
Flexibacter chinensis,FLEXIBACTER,chinensis,34.0,30.0,Non-termofil
Flexibacter giganteus,FLEXIBACTER,giganteus,32.0,22.5,Non-termofil
Flexibacter flexilis,FLEXIBACTER,flexilis,41.5,25.0,Non-termofil
Frateuria aurantia,FRATEURIA,aurantia,63.0,27.5,Non-termofil
Fusobacterium perfoetens,FUSOBACTERIUM,perfoetens,29.0,37.0,Non-termofil
Gallionella ferruginea,GALLIONELLA,ferruginea,54.6,35.0,Non-termofil
Gardnerella vaginalis,GARDNERELLA,vaginalis,43.0,36.0,Non-termofil
Gemella haemolysans,GEMELLA,haemolysans,33.5,37.0,Non-termofil
Geodermatophilus obscurus,GEODERMATOPHILUS,obscurus,73.75,26.0,Non-termofil
Gluconobacter oxydans,GLUCONOBACTER,oxydans,60.0,27.5,Non-termofil
Haemophilus parasuis,HAEMOPHILUS,parasuis,41.5,36.0,Non-termofil
Haemophilus segnis,HAEMOPHILUS,segnis,43.5,36.0,Non-termofil
Haemophilus ducreyi,HAEMOPHILUS,ducreyi,38.0,36.0,Non-termofil
Haemophilus paracuniculus,HAEMOPHILUS,paracuniculus,40.0,36.0,Non-termofil
Haemophilus aphrophilus,HAEMOPHILUS,aphrophilus,42.0,36.0,Non-termofil
Haemophilus hemoglobinophilus,HAEMOPHILUS,hemoglobinophilus,38.0,36.0,Non-termofil
Haemophilus pleuropneumoniae,HAEMOPHILUS,pleuropneumoniae,42.0,36.0,Non-termofil
Haemophilus parahaemoliticus,HAEMOPHILUS,parahaemoliticus,40.5,36.0,Non-termofil
Haemophilus aegyptius,HAEMOPHILUS,aegyptius,39.0,36.0,Non-termofil
Haemophilus parainfluenzae,HAEMOPHILUS,parainfluenzae,40.5,36.0,Non-termofil
Haemophilus avium,HAEMOPHILUS,avium,42.0,36.0,Non-termofil
Haemophilus paraphrohaemoliticus,HAEMOPHILUS,paraphrohaemoliticus,40.5,36.0,Non-termofil
Haemophilus influenzae,HAEMOPHILUS,influenzae,39.0,36.0,Non-termofil
Haemophilus paraphrophilus,HAEMOPHILUS,paraphrophilus,42.0,36.0,Non-termofil
Haemophilus paragallinarum,HAEMOPHILUS,paragallinarum,42.0,36.0,Non-termofil
Haemophilus haemolyticus,HAEMOPHILUS,haemolyticus,39.0,36.0,Non-termofil
Haliscomenobacter hydrossis,HALISCOMENOBACTER,hydrossis,49.0,26.0,Non-termofil
Haloarcula hispanica,HALOARCULA,hispanica,62.7,37.5,Non-termofil
Haloarcula vallismortis,HALOARCULA,vallismortis,64.7,40.0,Non-termofil
Halobacterium salinarium,HALOBACTERIUM,salinarium,67.0,50.0,Termofil
Halobacterium saccharovorum,HALOBACTERIUM,saccharovorum,71.0,50.0,Termofil
Halobacterium salinarium,HALOBACTERIUM,salinarium,68.45,50.0,Termofil
Halobacterium pharaonis,HALOBACTERIUM,pharaonis,64.0,45.0,Non-termofil
Halobacterium volcanii,HALOBACTERIUM,volcanii,63.5,45.0,Non-termofil
Halobacterium sodomense,HALOBACTERIUM,sodomense,68.0,40.0,Non-termofil
Halococcus morrhua,HALOCOCCUS,morrhua,63.5,33.5,Non-termofil
Halococcus morrhuae,HALOCOCCUS,morrhuae,63.5,33.5,Non-termofil
Haloferax mediterranei,HALOFERAX,mediterranei,61.1,36.0,Non-termofil
Haloferax volcanii,HALOFERAX,volcanii,64.95,45.0,Non-termofil
Haloferax gibbonsii,HALOFERAX,gibbonsii,61.8,37.0,Non-termofil
Heliobacterium chlorum,HELIOBACTERIUM,chlorum,52.0,38.5,Non-termofil
Hydrogenobacter thermophilus,HYDROGENOBACTER,thermophilus,43.7,72.5,Termofil
Hyphomicrobium methylovorum,HYPHOMICROBIUM,methylovorum,60.6,28.0,Non-termofil
Hyphomonas polymorpha,HYPHOMONAS,polymorpha,60.5,33.5,Non-termofil
Hyphomonas neptunium,HYPHOMONAS,neptunium,61.0,33.5,Non-termofil
Hyphomonas jannaschiana,HYPHOMONAS,jannaschiana,60.0,37.0,Non-termofil
Hyphomonas oceanitis,HYPHOMONAS,oceanitis,59.0,25.0,Non-termofil
Hyphomonas hirschiana,HYPHOMONAS,hirschiana,57.0,28.0,Non-termofil
Intrasporangium calvum,INTRASPORANGIUM,calvum,68.2,32.5,Non-termofil
Intrasporangium kalakoutskii,INTRASPORANGIUM,kalakoutskii,70.0,32.5,Non-termofil
Janthinobacterium lividum,JANTHINOBACTERIUM,lividum,64.0,25.0,Non-termofil
Kingella denitrificans,KINGELLA,denitrificans,54.45,35.0,Non-termofil
Kingella indologenes,KINGELLA,indologenes,48.7,35.0,Non-termofil
Kingella kingae,KINGELLA,kingae,47.35,35.0,Non-termofil
Kurthia zopfii,KURTHIA,zopfii,37.0,27.5,Non-termofil
Kurthia gibsonii,KURTHIA,gibsonii,37.0,27.5,Non-termofil
Labrys monachus,LABRYS,monachus,67.9,28.0,Non-termofil
Lamprobacter modestohalophilus,LAMPROBACTER,modestohalophilus,64.0,26.0,Non-termofil
Lampropedia hyalina,LAMPROPEDIA,hyalina,60.95,30.0,Non-termofil
Legionella bozemanii,LEGIONELLA,bozemanii,43.0,36.0,Non-termofil
Legionella pneumophila,LEGIONELLA,pneumophila,39.0,36.0,Non-termofil
Leptothrix sp.,LEPTOTHRIX,sp.,70.25,25.0,Non-termofil
Leptotrichia bucalis,LEPTOTRICHIA,bucalis,25.0,36.0,Non-termofil
Leuconostoc mesenteroides,LEUCONOSTOC,mesenteroides,38.0,25.0,Non-termofil
Leucothrix mucor,LEUCOTHRIX,mucor,48.5,25.0,Non-termofil
Listeria innocua,LISTERIA,innocua,37.5,33.5,Non-termofil
Listeria welshimeri,LISTERIA,welshimeri,36.0,33.5,Non-termofil
Listeria ivanovii,LISTERIA,ivanovii,37.5,33.5,Non-termofil
Listeria seeligeri,LISTERIA,seeligeri,36.0,33.5,Non-termofil
Listeria monocytogenes,LISTERIA,monocytogenes,38.0,33.5,Non-termofil
Macromonas bipunctata,MACROMONAS,bipunctata,67.6,28.0,Non-termofil
Melittangium alboraceum,MELITTANGIUM,alboraceum,68.6,30.0,Non-termofil
Meniscus glaucopis,MENISCUS,glaucopis,44.9,30.0,Non-termofil
Methanobacterium thermoformicicum,METHANOBACTERIUM,thermoformicicum,42.8,55.5,Termofil
Methanobacterium formicicum,METHANOBACTERIUM,formicicum,40.0,41.0,Non-termofil
Methanobacterium wolfei,METHANOBACTERIUM,wolfei,61.0,60.0,Termofil
Methanobacterium bryantii,METHANOBACTERIUM,bryantii,35.5,38.0,Non-termofil
Methanobacterium alcaliphilum,METHANOBACTERIUM,alcaliphilum,57.0,37.0,Non-termofil
Methanobacterium thermalcaliphilum,METHANOBACTERIUM,thermalcaliphilum,38.5,60.0,Termofil
Methanobacterium thermautotrophicum,METHANOBACTERIUM,thermautotrophicum,50.0,67.5,Termofil
Methanobacterium uliginosum,METHANOBACTERIUM,uliginosum,31.6,38.5,Non-termofil
Methanobrevibacter ruminantium,METHANOBREVIBACTER,ruminantium,30.6,38.0,Non-termofil
Methanobrevibacter arboriphilicum,METHANOBREVIBACTER,arboriphilicum,29.55,38.0,Non-termofil
Methanobrevibacter smithii,METHANOBREVIBACTER,smithii,30.2,38.0,Non-termofil
Methanococcoides methylutens,METHANOCOCCOIDES,methylutens,42.0,32.5,Non-termofil
Methanococcus maripaludis,METHANOCOCCUS,maripaludis,33.0,37.5,Non-termofil
Methanococcus vannielii,METHANOCOCCUS,vannielii,32.0,37.5,Non-termofil
Methanococcus jannaschii,METHANOCOCCUS,jannaschii,31.0,85.0,Termofil
Methanococcus deltae,METHANOCOCCUS,deltae,34.0,37.5,Non-termofil
Methanococcus frisius,METHANOCOCCUS,frisius,37.2,36.0,Non-termofil
Methanococcus thermolithotrophicus,METHANOCOCCUS,thermolithotrophicus,32.5,65.0,Termofil
Methanococcus voltae,METHANOCOCCUS,voltae,30.5,37.5,Non-termofil
Methanogenium thermophilicum,METHANOGENIUM,thermophilicum,59.0,60.0,Termofil
Methanolobus vulcani,METHANOLOBUS,vulcani,39.0,37.0,Non-termofil
Methanolobus siciliae,METHANOLOBUS,siciliae,41.5,37.0,Non-termofil
Methanolobus tindarius,METHANOLOBUS,tindarius,40.0,37.0,Non-termofil
Methanomicrobium mobile,METHANOMICROBIUM,mobile,48.8,40.0,Non-termofil
Methanomicrobium paynteri,METHANOMICROBIUM,paynteri,44.9,40.0,Non-termofil
Methanoplanus endosymbiosus,METHANOPLANUS,endosymbiosus,38.7,32.0,Non-termofil
Methanoplanus limicola,METHANOPLANUS,limicola,47.5,40.0,Non-termofil
Methanosarcina thermophila,METHANOSARCINA,thermophila,42.0,50.0,Termofil
Methanosarcina acetivorans,METHANOSARCINA,acetivorans,41.0,37.5,Non-termofil
Methanosarcina barkeri,METHANOSARCINA,barkeri,41.5,35.0,Non-termofil
Methanosarcina vacuolata,METHANOSARCINA,vacuolata,36.3,38.5,Non-termofil
Methanosphaera stadtmanae,METHANOSPHAERA,stadtmanae,25.8,37.0,Non-termofil
Methanospirillum hungatei,METHANOSPIRILLUM,hungatei,48.0,33.5,Non-termofil
Methanothermus fervidus,METHANOTHERMUS,fervidus,33.0,80.0,Termofil
Methanothermus sociabilis,METHANOTHERMUS,sociabilis,33.0,88.0,Termofil
Methanothrix concilii,METHANOTHRIX,concilii,61.0,38.5,Non-termofil
Methanothrix soehngenii,METHANOTHRIX,soehngenii,52.0,37.5,Non-termofil
Methylococcus capsulatus,METHYLOCOCCUS,capsulatus,62.5,37.0,Non-termofil
Methylomonas methanica,METHYLOMONAS,methanica,52.1,30.0,Non-termofil
Microbacterium imperiale,MICROBACTERIUM,imperiale,72.6,30.0,Non-termofil
Microbacterium laevaniformans,MICROBACTERIUM,laevaniformans,71.85,30.0,Non-termofil
Microbacterium lacticum,MICROBACTERIUM,lacticum,71.95,30.0,Non-termofil
Micrococcus roseus,MICROCOCCUS,roseus,70.5,30.0,Non-termofil
Micrococcus sedentarius,MICROCOCCUS,sedentarius,67.7,32.5,Non-termofil
Micrococcus nishinomiyaensis,MICROCOCCUS,nishinomiyaensis,68.75,31.0,Non-termofil
Micrococcus agilis,MICROCOCCUS,agilis,68.0,25.0,Non-termofil
Micrococcus luteus,MICROCOCCUS,luteus,72.75,31.0,Non-termofil
Micrococcus kristinae,MICROCOCCUS,kristinae,66.8,31.0,Non-termofil
Micrococcus lylae,MICROCOCCUS,lylae,68.6,31.0,Non-termofil
Micrococcus varians,MICROCOCCUS,varians,69.0,31.0,Non-termofil
Moraxella nonliquefasciens,MORAXELLA,nonliquefasciens,42.0,34.0,Non-termofil
Moraxella lacunata,MORAXELLA,lacunata,42.75,34.0,Non-termofil
Moraxella bovis,MORAXELLA,bovis,42.75,34.0,Non-termofil
Moraxella osloensis,MORAXELLA,osloensis,44.5,34.0,Non-termofil
Moraxella ovis,MORAXELLA,ovis,45.5,34.0,Non-termofil
Moraxella caviae,MORAXELLA,caviae,46.0,34.0,Non-termofil
Moraxella atlantae,MORAXELLA,atlantae,47.0,34.0,Non-termofil
Moraxella phenylpyruvica,MORAXELLA,phenylpyruvica,43.0,34.0,Non-termofil
Moraxella cuniculi,MORAXELLA,cuniculi,44.5,34.0,Non-termofil
Moraxella catarrhalis,MORAXELLA,catarrhalis,41.5,34.0,Non-termofil
Mycobacterium komossense,MYCOBACTERIUM,komossense,66.0,31.0,Non-termofil
Mycobacterium tuberculosis,MYCOBACTERIUM,tuberculosis,66.0,37.0,Non-termofil
Mycobacterium microti,MYCOBACTERIUM,microti,66.0,37.0,Non-termofil
Mycobacterium shimoidei,MYCOBACTERIUM,shimoidei,66.0,41.0,Non-termofil
Mycobacterium gordonae,MYCOBACTERIUM,gordonae,66.0,35.0,Non-termofil
Mycoplasma bovoculi,MYCOPLASMA,bovoculi,29.0,36.75,Non-termofil
Mycoplasma canadensiae,MYCOPLASMA,canadensiae,29.0,38.75,Non-termofil
Mycoplasma sualvi,MYCOPLASMA,sualvi,23.7,37.0,Non-termofil
Mycoplasma alvi,MYCOPLASMA,alvi,26.4,37.0,Non-termofil
Mycoplasma bovis,MYCOPLASMA,bovis,30.35,37.0,Non-termofil
Mycoplasma pneumoniae,MYCOPLASMA,pneumoniae,39.7,37.0,Non-termofil
Myxococcus xanthus,MYXOCOCCUS,xanthus,69.15,30.0,Non-termofil
Myxococcus fulvus,MYXOCOCCUS,fulvus,70.0,28.0,Non-termofil
Myxococcus virescens,MYXOCOCCUS,virescens,69.0,28.0,Non-termofil
Myxococcus coralloides,MYXOCOCCUS,coralloides,67.85,27.5,Non-termofil
Nannocystis exedens,NANNOCYSTIS,exedens,71.0,33.0,Non-termofil
Natronobacterium pharaonis,NATRONOBACTERIUM,pharaonis,62.75,45.0,Non-termofil
Natronobacterium magadii,NATRONOBACTERIUM,magadii,63.0,38.5,Non-termofil
Natronobacterium gregoryi,NATRONOBACTERIUM,gregoryi,65.0,38.5,Non-termofil
Natronococcus occultus,NATRONOCOCCUS,occultus,64.0,37.5,Non-termofil
Neisseria gonorrhoeae,NEISSERIA,gonorrhoeae,51.4,36.0,Non-termofil
Neisseria meningitidis,NEISSERIA,meningitidis,51.0,36.0,Non-termofil
Neisseria denitrificans,NEISSERIA,denitrificans,55.6,36.0,Non-termofil
Neisseria subflava,NEISSERIA,subflava,49.5,36.0,Non-termofil
Neisseria canis,NEISSERIA,canis,49.6,36.0,Non-termofil
Neisseria flavescens,NEISSERIA,flavescens,48.3,36.0,Non-termofil
Neisseria mucosa,NEISSERIA,mucosa,51.25,36.0,Non-termofil
Neisseria sicca,NEISSERIA,sicca,50.25,36.0,Non-termofil
Neisseria elongata,NEISSERIA,elongata,53.25,36.0,Non-termofil
Neisseria lactamica,NEISSERIA,lactamica,51.7,36.0,Non-termofil
Neisseria cinerea,NEISSERIA,cinerea,49.95,36.0,Non-termofil
Nitrococcus mobilis,NITROCOCCUS,mobilis,61.2,25.0,Non-termofil
Nitrosococcus oceanus,NITROSOCOCCUS,oceanus,50.8,27.5,Non-termofil
Nitrosococcus mobilis,NITROSOCOCCUS,mobilis,49.3,27.5,Non-termofil
Nitrosolobus multiformis,NITROSOLOBUS,multiformis,54.6,27.5,Non-termofil
Nitrosomonas europaea,NITROSOMONAS,europaea,51.0,27.5,Non-termofil
Nitrosovibrio tenuis,NITROSOVIBRIO,tenuis,53.9,27.5,Non-termofil
Nitrospina gracilis,NITROSPINA,gracilis,57.5,25.0,Non-termofil
Nitrospira marina,NITROSPIRA,marina,50.0,25.0,Non-termofil
Nocardioides albus,NOCARDIOIDES,albus,67.55,28.0,Non-termofil
Nocardioides albus,NOCARDIOIDES,albus,69.55,28.0,Non-termofil
Nocardiopsis dassonvillei,NOCARDIOPSIS,dassonvillei,66.75,32.5,Non-termofil
Obseumbacterium proteus,OBSEUMBACTERIUM,proteus,48.5,32.0,Non-termofil
Oceanospirillum pusillum,OCEANOSPIRILLUM,pusillum,51.0,31.0,Non-termofil
Oceanospirillum pelagicum,OCEANOSPIRILLUM,pelagicum,49.0,31.0,Non-termofil
Oceanospirillum multiglobuliferum,OCEANOSPIRILLUM,multiglobuliferum,46.0,31.0,Non-termofil
Oceanospirillum linum,OCEANOSPIRILLUM,linum,49.0,31.0,Non-termofil
Oceanospirillum japonicum,OCEANOSPIRILLUM,japonicum,45.0,31.0,Non-termofil
Oceanospirillum maris,OCEANOSPIRILLUM,maris,45.5,31.0,Non-termofil
Oceanospirillum minutulum,OCEANOSPIRILLUM,minutulum,43.0,31.0,Non-termofil
Oceanospirillum hiroshimense,OCEANOSPIRILLUM,hiroshimense,47.0,25.0,Non-termofil
Oceanospirillum beijerinckii,OCEANOSPIRILLUM,beijerinckii,47.0,31.0,Non-termofil
Paracoccus denitrificans,PARACOCCUS,denitrificans,65.5,30.0,Non-termofil
Paracoccus halodenitrificans,PARACOCCUS,halodenitrificans,65.0,27.5,Non-termofil
Pasteurellla gallinarum,PASTEURELLLA,gallinarum,43.0,37.0,Non-termofil
Pasteurellla ureae,PASTEURELLLA,ureae,41.2,37.0,Non-termofil
Pasteurellla multocida,PASTEURELLLA,multocida,42.0,37.0,Non-termofil
Pasteurellla aerogenes,PASTEURELLLA,aerogenes,41.8,37.0,Non-termofil
Pasteurellla haemolytica,PASTEURELLLA,haemolytica,42.95,37.0,Non-termofil
Pasteurellla pneumotropica,PASTEURELLLA,pneumotropica,41.55,37.0,Non-termofil
Pectinatus cerevisiphilus,PECTINATUS,cerevisiphilus,39.8,32.0,Non-termofil
Pediococcus dextrinicus,PEDIOCOCCUS,dextrinicus,40.5,32.5,Non-termofil
Pediococcus urinaeequi,PEDIOCOCCUS,urinaeequi,39.5,27.5,Non-termofil
Pediococcus halophilus,PEDIOCOCCUS,halophilus,35.0,32.5,Non-termofil
Pediococcus acidilactici,PEDIOCOCCUS,acidilactici,41.0,40.0,Non-termofil
Pediococcus parvulus,PEDIOCOCCUS,parvulus,41.05,30.0,Non-termofil
Pediococcus pentosaceus,PEDIOCOCCUS,pentosaceus,37.0,30.0,Non-termofil
Peptococcus niger,PEPTOCOCCUS,niger,50.5,37.0,Non-termofil
Peptostreptococcus heliotrinreducenns,PEPTOSTREPTOCOCCUS,heliotrinreducenns,36.0,40.0,Non-termofil
Peptostreptococcus magnus,PEPTOSTREPTOCOCCUS,magnus,33.0,37.0,Non-termofil
Peptostreptococcus micros,PEPTOSTREPTOCOCCUS,micros,27.5,37.0,Non-termofil
Peptostreptococcus anaerobius,PEPTOSTREPTOCOCCUS,anaerobius,33.5,37.0,Non-termofil
Peptostreptococcus prevotii,PEPTOSTREPTOCOCCUS,prevotii,31.0,37.0,Non-termofil
Peptostreptococcus indolycus,PEPTOSTREPTOCOCCUS,indolycus,33.0,37.0,Non-termofil
Peptostreptococcus productus,PEPTOSTREPTOCOCCUS,productus,44.5,37.0,Non-termofil
Peptostreptococcus asaccharolyticus,PEPTOSTREPTOCOCCUS,asaccharolyticus,31.5,37.0,Non-termofil
Phyllobacterium myrsinacearum,PHYLLOBACTERIUM,myrsinacearum,60.1,31.0,Non-termofil
Phyllobacterium rubiacearum,PHYLLOBACTERIUM,rubiacearum,60.8,31.0,Non-termofil
Planctomyces maris,PLANCTOMYCES,maris,61.0,31.5,Non-termofil
Planctomyces limnophilus,PLANCTOMYCES,limnophilus,53.85,31.0,Non-termofil
Planococcus citreus,PLANOCOCCUS,citreus,50.0,32.0,Non-termofil
Planococcus halophilus,PLANOCOCCUS,halophilus,50.5,32.0,Non-termofil
Polyangium cellulosum,POLYANGIUM,cellulosum,69.0,30.0,Non-termofil
Prochlothrix hollandica,PROCHLOTHRIX,hollandica,53.0,25.0,Non-termofil
Promicromonospora citrea,PROMICROMONOSPORA,citrea,72.5,28.0,Non-termofil
Promicromonospora citrea,PROMICROMONOSPORA,citrea,70.0,28.0,Non-termofil
Propionibacterium thoenii,PROPIONIBACTERIUM,thoenii,66.5,33.5,Non-termofil
Propionibacterium granulosum,PROPIONIBACTERIUM,granulosum,62.0,33.5,Non-termofil
Propionibacterium acidipropionici,PROPIONIBACTERIUM,acidipropionici,67.0,33.5,Non-termofil
Propionibacterium avidum,PROPIONIBACTERIUM,avidum,62.5,33.5,Non-termofil
Propionibacterium lymphophilum,PROPIONIBACTERIUM,lymphophilum,53.5,33.5,Non-termofil
Propionibacterium acnes,PROPIONIBACTERIUM,acnes,58.5,33.5,Non-termofil
Propionibacterium freudenreichii,PROPIONIBACTERIUM,freudenreichii,65.5,33.5,Non-termofil
Propionibacterium jensenii,PROPIONIBACTERIUM,jensenii,66.5,33.5,Non-termofil
Prosthecobacter fusiformis,PROSTHECOBACTER,fusiformis,57.5,25.0,Non-termofil
Prosthecomicrobium litoralum,PROSTHECOMICROBIUM,litoralum,66.5,30.5,Non-termofil
Prosthecomicrobium polysphaeroidum,PROSTHECOMICROBIUM,polysphaeroidum,65.5,29.0,Non-termofil
Pseudomonas cissicola,PSEUDOMONAS,cissicola,60.9,29.0,Non-termofil
Pseudomonas aureofasciens,PSEUDOMONAS,aureofasciens,63.6,30.0,Non-termofil
Pseudomonas acidovorans,PSEUDOMONAS,acidovorans,67.0,30.0,Non-termofil
Pseudomonas palleronii,PSEUDOMONAS,palleronii,66.8,30.0,Non-termofil
Pseudomonas diminuta,PSEUDOMONAS,diminuta,66.8,30.0,Non-termofil
Pseudomonas gladioli,PSEUDOMONAS,gladioli,68.5,32.5,Non-termofil
Pseudomonas fluorescens,PSEUDOMONAS,fluorescens,60.35,27.5,Non-termofil
Pseudomonas testosteroni,PSEUDOMONAS,testosteroni,62.0,30.0,Non-termofil
Pseudomonas glathei,PSEUDOMONAS,glathei,64.8,33.5,Non-termofil
Pseudomonas cepacia,PSEUDOMONAS,cepacia,67.4,32.5,Non-termofil
Pseudomonas caryophylli,PSEUDOMONAS,caryophylli,65.3,31.5,Non-termofil
Pseudomonas saccharophila,PSEUDOMONAS,saccharophila,68.9,30.0,Non-termofil
Pseudomonas chlororaphis,PSEUDOMONAS,chlororaphis,63.5,30.0,Non-termofil
Pseudomonas flava,PSEUDOMONAS,flava,67.3,30.0,Non-termofil
Pseudomonas vesicularis,PSEUDOMONAS,vesicularis,65.8,30.0,Non-termofil
Pseudomonas cichorii,PSEUDOMONAS,cichorii,59.0,30.0,Non-termofil
Pseudomonas avenae,PSEUDOMONAS,avenae,70.2,36.0,Non-termofil
Pseudomonas alcaligenes,PSEUDOMONAS,alcaligenes,66.0,35.0,Non-termofil
Pseudomonas mallei,PSEUDOMONAS,mallei,69.0,37.0,Non-termofil
Pseudomonas pseudomallei,PSEUDOMONAS,pseudomallei,69.5,37.0,Non-termofil
Pseudomonas aeruginosa,PSEUDOMONAS,aeruginosa,67.2,37.0,Non-termofil
Pseudomonas paucimobilis,PSEUDOMONAS,paucimobilis,65.0,30.0,Non-termofil
Pseudomonas hydrogenothermophila,PSEUDOMONAS,hydrogenothermophila,63.5,52.0,Termofil
Pseudomonas stutzeri,PSEUDOMONAS,stutzeri,62.0,35.0,Non-termofil
Pseudomonas pseudoalcaligenes,PSEUDOMONAS,pseudoalcaligenes,63.0,35.0,Non-termofil
Pseudomonas delafieldii,PSEUDOMONAS,delafieldii,65.5,30.0,Non-termofil
Pseudomonas facilis,PSEUDOMONAS,facilis,62.75,28.0,Non-termofil
Pseudomonas mendocina,PSEUDOMONAS,mendocina,63.55,35.0,Non-termofil
Pseudomonas pseudoflava,PSEUDOMONAS,pseudoflava,67.25,36.5,Non-termofil
Pseudomonas pickettii,PSEUDOMONAS,pickettii,64.0,35.0,Non-termofil
Pseudomonas putida,PSEUDOMONAS,putida,61.6,27.5,Non-termofil
Pyrobaculum organotrophum,PYROBACULUM,organotrophum,46.0,97.5,Termofil
Pyrobaculum islandicum,PYROBACULUM,islandicum,46.0,97.5,Termofil
Pyrococcus abyssi,PYROCOCCUS,abyssi,44.3,100.0,Termofil
Pyrococcus furiosus,PYROCOCCUS,furiosus,38.0,97.5,Termofil
Pyrococcus woesei,PYROCOCCUS,woesei,38.0,97.5,Termofil
Pyrodictium occultum,PYRODICTIUM,occultum,62.0,105.0,Termofil
Renibacterium salmoninarum,RENIBACTERIUM,salmoninarum,53.0,16.5,Non-termofil
Rhodobacter adriaticus,RHODOBACTER,adriaticus,66.7,27.5,Non-termofil
Rhodobacter veldkampii,RHODOBACTER,veldkampii,65.95,32.5,Non-termofil
Rhodobacter capsulatus,RHODOBACTER,capsulatus,67.5,32.5,Non-termofil
Rhodobacter sphaeroides,RHODOBACTER,sphaeroides,70.57,32.0,Non-termofil
Rhodobacter sulfidophilus,RHODOBACTER,sulfidophilus,71.05,32.5,Non-termofil
Rhodococcus marinonascens,RHODOCOCCUS,marinonascens,65.65,20.0,Non-termofil
Rhodococcus marinonascens,RHODOCOCCUS,marinonascens,65.65,20.0,Non-termofil
Rhodocyclus tenuis,RHODOCYCLUS,tenuis,64.8,30.0,Non-termofil
Rhodocyclus purpureus,RHODOCYCLUS,purpureus,65.3,30.0,Non-termofil
Rhodocyclus gelatinosus,RHODOCYCLUS,gelatinosus,71.45,30.0,Non-termofil
Rhodomicrobium vannelii,RHODOMICROBIUM,vannelii,62.8,30.0,Non-termofil
Rhodopila globiformis,RHODOPILA,globiformis,66.3,32.5,Non-termofil
Rhodopseudomonas marina,RHODOPSEUDOMONAS,marina,62.55,27.5,Non-termofil
Rhodopseudomonas palustris,RHODOPSEUDOMONAS,palustris,65.55,33.5,Non-termofil
Rhodopseudomonas blastica,RHODOPSEUDOMONAS,blastica,65.3,32.5,Non-termofil
Rhodopseudomonas sulfoviridis,RHODOPSEUDOMONAS,sulfoviridis,68.1,29.0,Non-termofil
Rhodopseudomonas acidophila,RHODOPSEUDOMONAS,acidophila,64.5,27.5,Non-termofil
Rhodopseudomonas viridis,RHODOPSEUDOMONAS,viridis,68.85,27.5,Non-termofil
Rhodopseudomonas rutila,RHODOPSEUDOMONAS,rutila,68.5,30.0,Non-termofil
Rhodospirillum rubrum,RHODOSPIRILLUM,rubrum,64.8,32.5,Non-termofil
Rhodospirillum salexigens,RHODOSPIRILLUM,salexigens,64.0,40.0,Non-termofil
Rhodospirillum salinarum,RHODOSPIRILLUM,salinarum,67.75,42.0,Non-termofil
Rhodospirillum photometricum,RHODOSPIRILLUM,photometricum,64.15,27.5,Non-termofil
Ruminococcus flavefaciens,RUMINOCOCCUS,flavefaciens,41.5,39.5,Non-termofil
Ruminococcus gnavus,RUMINOCOCCUS,gnavus,43.0,39.5,Non-termofil
Ruminococcus bromii,RUMINOCOCCUS,bromii,39.5,39.5,Non-termofil
Ruminococcus lactaris,RUMINOCOCCUS,lactaris,45.0,39.5,Non-termofil
Ruminococcus albus,RUMINOCOCCUS,albus,44.2,39.5,Non-termofil
Ruminococcus callidus,RUMINOCOCCUS,callidus,43.0,39.5,Non-termofil
Ruminococcus torques,RUMINOCOCCUS,torques,41.0,39.5,Non-termofil
Ruminococcus obeum,RUMINOCOCCUS,obeum,42.0,39.5,Non-termofil
Saccharopolyspora hirsuta,SACCHAROPOLYSPORA,hirsuta,77.0,38.5,Non-termofil
Saprospira grandis,SAPROSPIRA,grandis,47.0,33.5,Non-termofil
Saprospira albida,SAPROSPIRA,albida,44.5,30.0,Non-termofil
Saprospira toviformis,SAPROSPIRA,toviformis,37.5,25.0,Non-termofil
Saprospira thermalis,SAPROSPIRA,thermalis,36.0,35.0,Non-termofil
Sarcina ventriculi,SARCINA,ventriculi,30.6,33.5,Non-termofil
Sarcina maxima,SARCINA,maxima,28.6,32.5,Non-termofil
Selenomonas sputigena,SELENOMONAS,sputigena,61.0,37.5,Non-termofil
Selenomonas ruminantium,SELENOMONAS,ruminantium,54.0,37.5,Non-termofil
Seliberia stellata,SELIBERIA,stellata,66.0,27.5,Non-termofil
Seliberia agrobacterium,SELIBERIA,agrobacterium,66.0,27.5,Non-termofil
Simonsiella crassa,SIMONSIELLA,crassa,44.5,37.0,Non-termofil
Simonsiella muelleri,SIMONSIELLA,muelleri,45.0,37.0,Non-termofil
Simonsiella steedae,SIMONSIELLA,steedae,50.0,37.0,Non-termofil
Sphaerotilus natans,SPHAEROTILUS,natans,70.0,25.0,Non-termofil
Spirillospora albida,SPIRILLOSPORA,albida,72.2,25.0,Non-termofil
Spirocheta zuelzerae,SPIROCHETA,zuelzerae,56.0,38.0,Non-termofil
Spirocheta halophila,SPIROCHETA,halophila,62.0,37.5,Non-termofil
Spirocheta aurantia,SPIROCHETA,aurantia,63.0,27.5,Non-termofil
Spirocheta stenostrepta,SPIROCHETA,stenostrepta,60.0,33.5,Non-termofil
Spirocheta litoralis,SPIROCHETA,litoralis,51.0,30.0,Non-termofil
Spiroplasma apis,SPIROPLASMA,apis,30.0,32.0,Non-termofil
Spiroplasma floricola,SPIROPLASMA,floricola,25.0,34.0,Non-termofil
Spiroplasma citri,SPIROPLASMA,citri,26.0,32.0,Non-termofil
Spiroplasma mirum,SPIROPLASMA,mirum,30.0,33.5,Non-termofil
Sporocytophaga myxococcoides,SPOROCYTOPHAGA,myxococcoides,36.0,30.0,Non-termofil
Sporocytophaga cauliformis,SPOROCYTOPHAGA,cauliformis,31.0,22.0,Non-termofil
Staphylococcus intermedius,STAPHYLOCOCCUS,intermedius,33.5,35.0,Non-termofil
Staphylococcus hominis,STAPHYLOCOCCUS,hominis,33.0,35.0,Non-termofil
Staphylococcus epidermidis,STAPHYLOCOCCUS,epidermidis,33.5,33.5,Non-termofil
Staphylococcus hyicus,STAPHYLOCOCCUS,hyicus,33.5,32.5,Non-termofil
Staphylococcus sciuri,STAPHYLOCOCCUS,sciuri,33.0,30.0,Non-termofil
Staphylococcus xylosus,STAPHYLOCOCCUS,xylosus,33.0,30.0,Non-termofil
Staphylococcus warneri,STAPHYLOCOCCUS,warneri,34.5,35.0,Non-termofil
Staphylococcus aureus,STAPHYLOCOCCUS,aureus,34.0,33.5,Non-termofil
Staphylococcus saccharolyticus,STAPHYLOCOCCUS,saccharolyticus,33.5,33.5,Non-termofil
Staphylococcus auricularis,STAPHYLOCOCCUS,auricularis,38.5,35.0,Non-termofil
Staphylococcus capitis,STAPHYLOCOCCUS,capitis,33.5,35.0,Non-termofil
Staphylococcus cohnii,STAPHYLOCOCCUS,cohnii,37.0,35.0,Non-termofil
Staphylococcus carnosus,STAPHYLOCOCCUS,carnosus,35.5,35.0,Non-termofil
Staphylococcus haemolyticus,STAPHYLOCOCCUS,haemolyticus,35.0,35.0,Non-termofil
Staphylococcus saprophyticus,STAPHYLOCOCCUS,saprophyticus,33.5,31.5,Non-termofil
Staphylothermus marinus,STAPHYLOTHERMUS,marinus,35.0,92.5,Termofil
Stella vacuolata,STELLA,vacuolata,71.75,28.0,Non-termofil
Stella humosa,STELLA,humosa,71.1,29.0,Non-termofil
Stigmatella erecta,STIGMATELLA,erecta,68.7,30.0,Non-termofil
Stigmatella aurantiaca,STIGMATELLA,aurantiaca,68.6,30.0,Non-termofil
Stomatococcus mucilaginosus,STOMATOCOCCUS,mucilaginosus,58.2,33.5,Non-termofil
Streptobacillus moniliformis,STREPTOBACILLUS,moniliformis,25.0,36.0,Non-termofil
Streptococcus thermophilus,STREPTOCOCCUS,thermophilus,40.0,37.0,Non-termofil
Streptococcus pyogenes,STREPTOCOCCUS,pyogenes,36.5,37.0,Non-termofil
Streptococcus morbillorum,STREPTOCOCCUS,morbillorum,37.5,36.0,Non-termofil
Streptococcus parvulus,STREPTOCOCCUS,parvulus,46.0,37.0,Non-termofil
Streptococcus pneumoniae,STREPTOCOCCUS,pneumoniae,39.5,37.0,Non-termofil
Streptococcus mutans,STREPTOCOCCUS,mutans,37.0,37.0,Non-termofil
Streptoverticilium baldaccii,STREPTOVERTICILIUM,baldaccii,71.0,29.0,Non-termofil
Sulfobacillus thermosulfidooxidans,SULFOBACILLUS,thermosulfidooxidans,53.75,50.0,Termofil
Sulfolobus shibatae,SULFOLOBUS,shibatae,35.0,77.5,Termofil
Sulfolobus acidocaldarius,SULFOLOBUS,acidocaldarius,37.0,72.5,Termofil
Sulfolobus solfataricus,SULFOLOBUS,solfataricus,36.0,87.0,Termofil
Synechocystis sp,SYNECHOCYSTIS,sp,31.0,29.0,Non-termofil
Thermoanaerobacter ethanolicus,THERMOANAEROBACTER,ethanolicus,35.0,68.5,Termofil
Thermococcus celer,THERMOCOCCUS,celer,56.0,90.0,Termofil
Thermofilum pendens,THERMOFILUM,pendens,57.4,87.5,Termofil
Thermomicrobium roseum,THERMOMICROBIUM,roseum,64.0,72.5,Termofil
Thermoplasma acidophilum,THERMOPLASMA,acidophilum,46.0,57.0,Termofil
Thermoproteus tenax,THERMOPROTEUS,tenax,55.5,90.0,Termofil
Thermus aquaticus,THERMUS,aquaticus,66.0,72.5,Termofil
Thiobacillus tepidarius,THIOBACILLUS,tepidarius,66.6,44.0,Non-termofil
Thiobacillus neapolitanus,THIOBACILLUS,neapolitanus,56.0,30.0,Non-termofil
Thiobacillus perometabolis,THIOBACILLUS,perometabolis,65.5,36.0,Non-termofil
Thiobacillus versutus,THIOBACILLUS,versutus,67.5,32.5,Non-termofil
Thiobacillus ferrooxidans,THIOBACILLUS,ferrooxidans,58.5,32.5,Non-termofil
Thiobacillus delicatus,THIOBACILLUS,delicatus,66.5,32.5,Non-termofil
Thiobacillus acidophilus,THIOBACILLUS,acidophilus,63.5,28.5,Non-termofil
Thiobacillus thiooxidans,THIOBACILLUS,thiooxidans,52.0,29.0,Non-termofil
Thiobacillus thioparus,THIOBACILLUS,thioparus,62.5,28.0,Non-termofil
Thiobacillus novellus,THIOBACILLUS,novellus,67.85,27.5,Non-termofil
Thiobacillus denitrificans,THIOBACILLUS,denitrificans,63.0,30.0,Non-termofil
Thiobacillus aquaesulis,THIOBACILLUS,aquaesulis,65.7,45.0,Non-termofil
Thiobacillus intermedius,THIOBACILLUS,intermedius,66.0,32.5,Non-termofil
Thiobacillus albertis,THIOBACILLUS,albertis,61.5,29.0,Non-termofil
Thiocystis gelatinosa,THIOCYSTIS,gelatinosa,61.3,30.0,Non-termofil
Thiodictyon elegans,THIODICTYON,elegans,65.8,22.5,Non-termofil
Thiomicrospira denitrificans,THIOMICROSPIRA,denitrificans,36.0,22.0,Non-termofil
Thiomicrospira crunogena,THIOMICROSPIRA,crunogena,42.5,30.0,Non-termofil
Thiomicrospira pelophila,THIOMICROSPIRA,pelophila,44.0,29.0,Non-termofil
Thiosphaera pantotropha,THIOSPHAERA,pantotropha,66.0,37.0,Non-termofil
Thiospirillum jenense,THIOSPIRILLUM,jenense,45.5,22.5,Non-termofil
Thiothrix nivea,THIOTHRIX,nivea,52.0,27.5,Non-termofil
Treponema succenisfaciens,TREPONEMA,succenisfaciens,36.0,37.0,Non-termofil
Treponema innocens,TREPONEMA,innocens,25.5,37.0,Non-termofil
Treponema bryantii,TREPONEMA,bryantii,36.0,37.0,Non-termofil
Treponema hyodysenteriae,TREPONEMA,hyodysenteriae,25.5,42.0,Non-termofil
Treponema minutum,TREPONEMA,minutum,37.0,37.0,Non-termofil
Treponema phagedenis,TREPONEMA,phagedenis,38.5,37.0,Non-termofil
Treponema refringens,TREPONEMA,refringens,41.0,37.0,Non-termofil
Treponema denticola,TREPONEMA,denticola,37.5,37.0,Non-termofil
Ureaplasma urealyticum,UREAPLASMA,urealyticum,27.45,37.0,Non-termofil
Ureaplasma diversum,UREAPLASMA,diversum,29.45,37.0,Non-termofil
Veillonella caviae,VEILLONELLA,caviae,39.0,33.5,Non-termofil
Veillonella dispar,VEILLONELLA,dispar,40.5,33.5,Non-termofil
Veillonella atypica,VEILLONELLA,atypica,39.0,33.5,Non-termofil
Veillonella parvula,VEILLONELLA,parvula,39.5,33.5,Non-termofil
Veillonella rodentium,VEILLONELLA,rodentium,43.7,33.5,Non-termofil
Veillonella criceti,VEILLONELLA,criceti,39.65,33.5,Non-termofil
Veillonella ratti,VEILLONELLA,ratti,43.0,33.5,Non-termofil
Xanthobacter autotrophicus,XANTHOBACTER,autotrophicus,68.0,27.5,Non-termofil
Xanthobacter flavus,XANTHOBACTER,flavus,68.5,27.5,Non-termofil
Xenorhabdus nematophilus,XENORHABDUS,nematophilus,43.5,25.0,Non-termofil
Xenorhabdus luminescens,XENORHABDUS,luminescens,43.5,25.0,Non-termofil
Yersinia intermedia,YERSINIA,intermedia,48.5,28.5,Non-termofil
Yersinia pseudotuberculosis,YERSINIA,pseudotuberculosis,46.5,28.5,Non-termofil
Yersinia kristensenii,YERSINIA,kristensenii,48.5,28.5,Non-termofil
Yersinia pestis,YERSINIA,pestis,46.0,28.5,Non-termofil
Yersinia ruckeri,YERSINIA,ruckeri,48.0,28.5,Non-termofil
Yersinia frederiksenii,YERSINIA,frederiksenii,48.0,28.5,Non-termofil
Yersinia enterocolitica,YERSINIA,enterocolitica,48.5,28.5,Non-termofil
Zymomonas mobilis,ZYMOMONAS,mobilis,48.5,27.5,Non-termofil
